feature_0,feature_1,feature_2,feature_3,feature_4,feature_5,feature_6,feature_7,feature_8,feature_9,target,category
,0.6151050677776394,-1.5991364864470128,-0.02507710920357953,-1.8353852787631069,-0.07139275912379817,-0.07990030343713883,-0.08834265900909503,2.1494709202076474,-0.4067230830465839,1,C
,-2.5528834315622877,0.5699503053413824,-0.8380899036716131,-1.5174819190222442,0.9154748297543669,0.4640084362791135,0.6353969322148971,-0.5372557435118799,0.7214662737850742,0,A
,2.4739382511654524,2.15574316320679,-0.054095620343701745,-1.7773670029538535,-1.2550506914722874,-1.2113599655903018,0.8363237229955514,5.026974252473422,-1.13145302065243,1,B
,-1.6108113149082541,1.8113750286649815,-1.4261684378359802,-0.2228785787886609,-1.7672939613812308,1.9035516785495645,0.32865216037320905,-1.0926839678342102,0.6235488569016372,0,A
,0.10778445444215977,-0.35301605672556224,-1.6340548919460502,-3.1429363635572622,-1.7742859801389832,-0.3706671871914271,1.3130685155887145,4.881877580704356,-1.036575916356297,1,A
,-2.3841447848430795,0.07299675597335759,0.7938128432120432,-1.1653744201574758,1.2676436178157642,1.345466978843672,0.07518708760618616,0.5420467754704444,0.7800781797165829,1,A
,-1.1352768401458495,2.2142515234622757,-0.3806864432425261,1.132027144415644,-1.2670731411850897,1.6544990440466116,0.12644902282346232,-1.4591228600097734,-0.2960172273298979,0,C
,-2.7856090816244388,1.5145175625895815,-1.1105101649069666,2.321769135502122,-5.017533456690706,3.8493844336661525,-0.6033235652217123,1.4998874510320548,0.7730831891775268,0,B
,0.03174730344003287,0.5029004049141359,-0.5510912440037106,1.3842288662911713,-1.6882363368939022,1.2057138983712892,0.030311657494342222,-1.5879516066260158,0.32627467084668543,0,A
,2.4802717772976277,-0.451409657600639,2.1760397997085583,0.3055245741315862,-0.26328704098733113,0.9819702868815455,0.28254352610679323,1.4885002003868504,-0.4360534876498796,1,A
-1.3938088779340307,-2.4545127568415106,-0.2504680389919105,-0.8332072656952664,0.2839418475536254,-0.8438455162536219,2.4616325304480595,0.8284545156951065,-2.6339722382968693,-0.01962348581047458,0,A
0.711441429608547,-0.9940560631973981,-0.05798394743223416,-0.5743627794096482,2.3059557011510936,-0.2701223623475293,-0.14195654945069835,2.0100092893000014,-2.735987240248492,-0.44838021905388226,1,C
0.5121328140961272,-3.6366168176179965,-0.6465295211924377,3.5150773519134515,0.9636432966125417,4.083178471680117,3.215637738907529,0.293269314133503,-4.247214085819446,-2.8882712051927246,1,B
-0.7049098375417915,1.698719225874214,1.5681047947182103,0.9109736585366646,2.441503081268385,1.1707659959449916,-1.3178774741722148,-0.014019538257588698,-3.0375739987918986,-0.5260780322119588,1,B
0.374348189610862,0.42050515908049146,-1.4108244980878752,-0.4917792473667033,1.1298150646504819,-1.300112226093734,-0.34318343423688313,-0.5277768642459395,0.47749750427285464,-1.1744705267667168,0,A
3.064639708913562,-2.854649207741886,-0.9171598051960362,-2.0658272453050346,-0.5304645434232476,0.031140486516960494,-0.7422979097398623,2.0034072671821046,-0.41469073188893857,-0.03088763557158007,0,A
1.0378156529598745,0.002685530524012627,1.5339781208495669,-1.3055179096722882,2.8313885165136528,-4.36718216415924,0.5377681436833885,-0.6829923303511227,2.0985157011147395,-2.249095728055939,0,C
1.4652534571979936,-1.728563713402879,1.224584437626143,-0.6569614772135101,-1.1750210122938398,1.0043983244322099,-0.22124089250195622,-1.5369479600263205,-0.30889616476711845,1.6233965622990456,0,C
0.8553921088606623,-0.3069331183450571,0.9763839534621028,-0.5273763143588124,-1.5935780928670367,1.595115999651743,-1.2849037765701685,0.3026853489959857,-0.2572579954068672,1.1040491364833538,0,B
1.8813491103775197,-0.10145057034423108,-0.4317957886402062,0.5214335233286609,0.8324268268733265,-0.4847601605437534,-0.21988292118507902,-0.8432606042937426,1.8594942071005969,-0.8860424543316735,0,A
-0.841852089192078,-2.3443076838119303,-1.111413012134435,-1.1060616699508303,0.3815201039081365,-0.9042303619863871,1.9028498041184854,0.2056863749606842,-2.4011773543157493,-0.05164415516508496,0,A
-0.18170713469213706,-3.479541860451556,1.2251323481678744,-1.8653298307553332,1.5366059028593386,-2.79257060764391,2.8271309163005918,0.13554459215862996,-2.040405644613293,0.03795043629044597,1,A
-2.12116037447828,1.4352606648486348,1.1474093301916062,-3.4392243068688586,2.3324682569580917,-5.703226473910703,-0.07257594323975058,1.1986413719910511,0.14355755050297936,-0.3042238811718139,0,C
2.3180455106372886,-0.17827312072704793,-1.163189461053639,-0.2750457006641993,1.5423963093651685,0.8435781766227276,-1.8736713087509367,0.20367208489309827,-1.1633917297134437,-0.7358039150428299,1,B
1.676759167299371,-2.779875307072919,0.03126687724867452,2.3125528118888,0.0833747719670408,2.7371277919496766,1.8417899416710615,-0.0015505058359027444,-1.2619699513400269,0.2513056408063804,1,B
-1.0695329250558654,1.4955818074197036,0.27654366689266663,1.434238628470565,-0.45698214651510716,0.2774525684568435,0.35355661338858413,-0.6404934347691842,1.500608954901353,0.799499253504148,1,C
-0.586099327187909,-2.107253536347205,0.3041261706698093,0.3378363075976525,-0.4731398725530269,0.9140531939596511,1.8510415283370056,0.8375627033583725,-1.9603430964320325,0.2658984798138483,0,B
-0.32534688308227444,-1.2938312184007408,1.1159020533653614,1.180144527809765,0.5695760218222631,0.38090883759283584,1.9094462753872794,0.9478258028372162,-0.8856024479093425,-0.6492655780759244,0,B
0.707845849935074,0.5383484113892909,0.2677512243644622,-1.1929871888396877,3.0361332511246197,-4.379390214252776,0.32276573198931047,-1.6853109387619405,1.9963716270467675,1.4594936033835215,0,B
2.0056926681523595,-2.4690826513813966,-0.8748203800761191,0.9072763117031869,-1.2412205132741834,1.087105293688127,1.3865070173272742,0.28488989257219893,1.374961400192346,-2.2763735085920023,1,C
0.8663295244313494,0.4550025293039399,0.1016442876895101,-1.4927937653692656,-0.2651707880514058,-0.889037101264836,-1.4797164790900632,-1.7628324838426952,0.9134108115134001,-1.1310263914919432,1,B
0.14183471214133714,-0.7220444365757381,-0.5071078941326084,1.2084209720380537,-0.6632571266703426,-0.2569292428227868,1.7631991405443659,1.2078093084610022,2.0833488785159266,-1.1710418541758545,1,C
1.1778451794424742,0.23001459594361542,-1.684785394820462,0.7596885056946723,-1.3874733847164968,2.2135902874741396,-1.2046190535557026,1.046920127650012,0.6199493364107127,-0.9337222527402227,0,A
-0.11519021623093773,-0.23690095471932218,-0.735858449322835,-1.5401226059529236,0.8354115486151719,-1.1399292045144473,-0.4790785949375632,0.8812847814327686,-1.2834711332419708,0.08334707099324289,1,A
0.4329057062755839,-0.13516819607877725,0.7714389919158244,0.7153201704849428,-1.1554274459935194,0.939777584692551,0.11355947053772097,0.1702983621623942,1.1253347493602472,-1.8959648413072892,0,B
1.9582773929560304,-3.3480694109532463,-0.20896048733203057,0.8400342667525589,-1.259513938066064,1.1153916887246405,2.0702587673072257,0.9893694382821313,0.7757217023373058,-0.1285074808558058,1,A
-0.43438464085143136,1.405320304318577,1.6810923149304875,0.14148968823405528,1.7000118167863738,-2.0684508447673853,0.10895518202402843,1.166548590977006,1.3155049813202955,-0.7509055497801141,0,B
0.18667538662469574,-1.424948181109144,0.6416874371546496,0.7091189348255071,-2.5215331509448466,2.0199176593837858,0.8643096909911951,-0.5833579722273482,0.3290615368758232,1.2246270872263318,0,B
0.9790222272410256,-0.0432495078683612,-0.30353598557719785,-0.2924379118039926,2.7366844333294313,-3.9366385392735666,1.2060625835668286,-0.6009739630033609,2.6231099282319015,-1.2931453236461576,0,B
0.04508255104142256,-0.03203292107219697,0.2606628331504074,-0.38183896671678974,1.4678849184512583,-1.7938137262259466,0.5170253443831954,0.7198372908713905,0.32534973439902437,-1.400507960274943,0,B
0.6168248031147563,-1.4593630807221092,0.5077576703115002,2.3611983365972766,0.2694413002336775,1.8513560403765812,1.771645549267646,-1.8024089074942171,-0.4931471137663008,0.053988418445792954,1,B
1.1513129314464066,1.0747749481095326,-0.969199610313766,-1.947389063001832,4.535696827403014,-6.1142385997256286,-0.1677137600877039,1.8466265008304728,2.477026508616281,0.5510373022425374,0,C
0.9973673827206514,-2.0148203746403683,0.1696937923520195,-1.820969972992069,1.641300446645555,-3.480148792793371,1.461618349,1.0896648650164613,0.6183291959157364,-0.7001158732050082,0,A
3.3354726546124756,0.010689822777019626,1.792922591330873,-1.0137737755379015,0.46459805588432723,0.6040740016558048,-2.844851312000869,-0.8053718270503438,0.5912581176012557,0.22395527808973467,1,B
0.16406093260880938,-1.6513076892021308,-0.015193128769989376,1.392694569179296,-0.4764463401101553,0.9417584866260588,1.9678016926557549,-0.7964401810595795,0.018826414754864906,0.863100226170631,1,A
0.33418368603076787,0.8627153541445882,1.1494197282637149,0.39328014092670593,4.383268142865308,-5.6413334034732605,2.078621126391832,-0.27532322350543004,3.6371661545490213,-0.30090401936135913,0,B
0.8192176198494637,-1.232580724258319,0.1683951924752465,1.0465013437055366,-0.9463723529482204,1.5076380685515338,0.7617287207056727,0.0626853968868732,0.24840824232322067,-1.1912901392878061,1,A
0.32588289542237214,-1.3658385760684952,0.19152096386596482,-1.3773898134480222,1.5131251991899806,-1.1332515962871643,0.2876352983801169,0.5212952905957563,-2.095872279160357,0.24123813765534804,1,A
0.3930262484855056,-0.907735385846811,0.33872050286963534,0.6282305780174882,0.42814095489284354,0.11555636377922751,0.9608398171845556,1.4571957599562464,-0.11255041679920696,-1.6988491998036455,0,A
2.2683130786238603,-2.553470693239075,0.7080891218566765,-0.5299984881703164,-2.397959392879362,0.3714600510415196,0.7094949393049557,-1.6010192977017523,2.296058335903435,-0.8480986993392317,1,A
-0.10547972633373104,-1.2888147141066886,-0.840281430657129,-1.5057453501855127,1.4426065935344392,-1.6392657432805497,0.6220055003321381,-0.30383084798621596,-1.8294732691040456,-0.9228301897268331,0,B
3.463617846753043,-2.4963489486938752,0.6294135848867873,-0.4458806880905495,-2.543340512637822,1.259555433470311,-0.3268337216287227,0.0812768427670279,2.474588062781601,-0.9149590677826966,1,B
-0.03580136099892639,-1.2728807577948624,-0.8171854666089954,-1.776756492007583,1.9077121342905428,-2.5794223672530743,0.8260758883630877,0.5890569474058676,-1.3332155161513268,-2.094120627663777,0,A
3.1794861121227673,-3.322841310636286,0.29798223637745164,-3.1279828886080554,-0.3809666437809147,-2.546726634795034,0.16656648638574745,-0.1995286733294088,1.534684658930595,0.7609047431569078,1,B
0.31065081146996987,-1.3040123280594407,0.005810558542450015,-1.8994471371857609,0.11029846452552194,-1.8264666500776152,0.3963180495646359,-0.04502682282886676,-0.13948684665049715,0.26505604484031237,1,C
0.8411403050083076,-0.978183629275083,-1.5868117155950892,-0.21186904770325865,0.6727291319081825,-1.6640955060334117,1.0950987928622695,-0.15922387809671018,1.4251976050629849,-0.13426810335751052,0,C
0.9416895124637858,-1.0816581744526739,-0.41093115629918403,1.4158320802999336,-0.6798766126747056,1.699592118599531,0.7370856704421498,-0.7067567572181777,0.2732840348608151,-0.36722421595499294,1,C
-1.3059717424215762,2.1499779185113654,0.35920940045784094,0.16862781660211534,-0.8596746293110433,-0.6188705564384096,-0.5550699237927137,-0.21037015856104574,1.9442016762110081,0.5568208407749982,0,A
2.781877682778747,-3.1451329206529466,-0.7287316813744033,0.32115568773325087,-1.8491087088169174,1.1383691853986733,1.1462697714415386,0.9124352492591665,1.7040217941112275,-1.5342986263844587,1,C
0.38081928951357225,-1.0485818298743896,-1.07669016922513,0.8826924004542207,-0.18119352682477596,0.9398684469707967,0.904797059983763,0.26166297269647926,-0.328388104079527,-0.3496121867778039,0,B
3.8053987826452302,-2.8828044717850227,0.06395678691093298,-1.1351893748942241,-3.0163561475245775,0.7300075133112562,-0.3719135430689362,-0.9923132660360943,3.0748321168936155,-0.37171290329290085,1,B
-0.4311556074855809,-0.8921009557597898,0.5823959599840627,1.2381562917547932,-0.6882615010985242,1.4539788776783729,1.230386812146373,-0.8897461017865688,-0.6972730476036721,-1.070594338235602,1,B
-2.5185373239086117,-0.1049186339827595,-0.5024624869106166,-1.1191877986646064,0.45707062439833646,-1.404385830654231,1.1080414874571258,-0.9256208497743664,-2.1330389829787517,0.2811795622694529,0,A
-1.6986708470807081,-0.8105705567610096,1.8078761587991903,-1.3527969514156761,2.636146234245733,-1.5257099545396928,0.8876303707835429,-0.30366152387399603,-4.314837809199195,0.3507851757548093,1,C
0.3394297982348865,-0.24558028052821984,0.7251513993817416,-0.8243867061441532,1.485606809741531,-2.829538963854346,0.7773593047119989,0.5754686674944302,1.346057991294947,0.6799730755167559,0,B
1.0591677994960362,-5.042148444596972,-0.09116911955618714,-4.627295973690831,-0.11697907336908564,-4.256959560414242,2.3124153241897036,-0.49836239219244655,-0.8892278610871627,-2.240049898519503,1,A
1.092331834802223,0.20154272456993247,-1.9552764263101008,-1.1095285786958538,1.2307400750473183,-0.12468853836366606,-1.6973227166080298,1.3059699173271888,-1.301335058767615,-0.1653990181435119,1,A
-0.3142444215833897,0.571299093699159,-1.2824986211215224,1.4315746733515664,-0.4751411234741073,0.3207497094652301,0.7360129178057349,0.41719046438256424,1.636613079678682,-0.966517025934993,1,C
-1.0306583955253723,0.5433866344020213,-0.8024927332116473,0.7390934939340309,-0.7638754567999622,-0.7516593120947501,1.1810602067171199,-0.9809174429602977,1.9911685495984544,1.298811324847052,1,C
0.4012905136963363,-1.7951378888745912,-1.028674333129084,0.2138457564186993,-0.5142665853663964,-0.35641786055727914,1.7478106759261487,-1.6437407155880577,0.6626755918122522,-1.278022583436376,0,C
0.9918834966371773,-0.0006107998515605548,1.3684219544726752,-0.7864006873331991,1.5773814274966034,-0.08056672584129695,-1.286626256507784,0.5367436230124615,-1.6077316404184723,1.188145734706984,1,B
1.2023878855605732,-0.9112582464663243,1.0329639471528058,3.006519586844373,0.11663657639819702,2.407363097210056,1.271694826699025,-0.36883022959254036,0.4372634042486758,-0.1949452084289584,0,A
2.3951322946521447,-0.9923181853392282,-1.2145434897264067,-1.4442525273765825,-3.116586836653824,-1.0536704771827332,-0.49256746620455627,-1.4071440262149164,4.961432940984422,-0.5339091013167999,1,B
3.85996035729294,0.5934363049526891,-0.6472406379880465,0.28697269860798347,3.338575769742893,1.7308927189774468,-3.5346902893721603,-0.6284848638960469,-1.9738632593824117,-0.05888180990272468,1,A
4.627537065080678,-0.586487856316877,-1.1103995172960208,1.1177707966284482,1.7123743103786562,2.669212747264078,-2.5541674217490646,-1.3331573106536552,-0.4598495643793018,0.567055517388103,1,A
2.66363795881219,-2.57249645460205,-0.029890473902299677,1.1984217249280849,-1.0614139465913723,2.010823396266128,0.8471117056973794,-0.3915648063298045,0.7958000900525071,-0.17431370503474794,1,B
2.332447768401337,-4.209896866076041,-0.8281939812657637,-1.9964840504897543,-0.4129609068634248,-1.1628270275451509,1.4557607840204836,-0.7820176369076074,-0.28499769907191475,0.23947746170589657,0,C
1.8166629282547127,-2.331357211941492,-1.5184489439647402,-3.016122268068275,-0.21515847714191638,-2.3877513288626315,-0.02652562047770768,-0.10302320139721578,0.5794137601882576,1.2438529325863146,1,A
0.4509199344281568,1.0124259657341856,-1.0766605081776655,-0.8144455990475422,1.3347941667173278,-1.6216292787458366,-0.9814753330386403,-1.0895930982946527,0.7159137016405654,0.668407960942365,0,A
-0.46574371942642645,0.21794878731770667,0.22228271745828398,-1.6260144173719553,3.4453775338728514,-5.824457922391366,1.5622246704812168,-0.9372280488338227,1.7647790847256495,0.16047620699884568,0,B
1.907023853021888,-3.483854835254909,1.4351815491900517,-2.36520876239577,0.9761352154611934,-2.9354830938274032,1.5771448965120993,0.35555062967435275,0.10325929376088072,0.5644029878932662,0,B
3.1314281393629075,-2.0902829886821412,0.1523155135766242,-1.2978164986893213,1.146235050472747,-0.6373809955055678,-0.6192951320185078,1.8115048125935167,-0.15017543897859087,0.3794820571655074,1,B
1.0227784546700367,2.7320787149786954,0.07377010788688614,-0.02004890714320462,0.6822077935680703,1.147328902025706,-3.5204409404400754,0.057013136371051244,0.07978166635528972,1.3972264225587627,1,A
-0.3969578258934101,1.3657658805516222,0.20709386223295154,1.01995776249538,-0.5651138791217954,-0.468577279251294,0.2385179943406145,-1.1208223655203875,2.692934850399377,1.142326454538352,1,C
-0.04921965094351122,0.2408019445622584,-0.316650029261228,1.0851297309759937,-0.7156344197359452,-0.7602686899404406,1.2470870331457782,0.7621984007922114,3.018328917270552,0.878643509726043,1,B
-0.9950832266789088,-0.1085047705535104,0.9001769869124664,-2.6824773494543477,1.0076560358376074,-3.5586332770318325,0.24960600795663657,0.3547784821701996,-0.2147087842277665,0.7781091861260174,0,B
-1.6795010359815303,0.058623872317676635,0.48342548811460334,-2.596485845775064,-0.11321903048587001,-2.182668451305699,-0.12608489678879808,-0.5157170699330023,-1.1861808249996555,-0.5465073945087545,1,C
3.403790718418708,-5.6686667273793585,0.0886466973980125,0.7122265544291416,-1.4075610029551089,2.553758113468004,2.4014804198082356,-0.22898286149024658,-1.035508801580535,1.7221286056849698,1,C
-2.9249381419078158,1.755929213350542,-0.16456307100859416,-1.533760084954103,-0.8549513048526214,-1.9223243885183703,-0.11437550904831673,0.9130002202742996,0.22012019474595323,-1.3405531800038282,0,C
2.420538480493434,-3.1472036114783535,-0.6174466124590982,-2.243002848365017,0.697359604903941,-2.0761450989400427,0.7000280050107699,0.3968386658488053,0.054005260978658876,-1.9121031610848602,0,A
0.6330003027747079,-0.40173578251146924,0.596442339560671,-1.3682605212076466,1.3479194285934786,-0.5190796386964214,-0.9806601032891157,0.3041929195534216,-1.9169456236173419,0.2709745388461927,1,A
-1.7621252448437725,3.9011289977030326,0.9213496029864963,0.3375721755112634,-1.0709601982545063,-2.5146545766619006,-0.5431586604614347,1.2144791339073469,5.373376485123665,1.4105680050051588,1,B
0.8415290090300952,-4.678698557244533,1.0730873454103131,-1.31169601529109,-1.4796160936493172,-0.5826083715711664,2.933781521683425,0.5472159380570042,-0.7048267707942766,-0.16396087960192127,0,C
-0.9984347412297241,0.45244620204349356,-0.09437175003538116,-1.6151863692145598,0.7498416650340688,-2.8473079615146135,0.29362060902641485,0.8126894256439955,0.5558550599937104,-0.08589324971779164,0,B
0.9815181037168638,0.7019904281888639,1.289756528375374,0.6508532178456923,3.8136474161338487,-4.4327383248302725,1.502029218982778,0.12049995878930102,3.450944308445298,-0.26139992495512276,0,C
2.126941274964087,-1.6497340356360901,-0.5341483496880964,-1.8870635914569347,-0.6455687928560436,0.13531384751954528,-1.1918646633370984,0.5633454625050239,-0.42175516931266954,-1.6230458934657455,0,B
0.27552194826308063,-0.1424730612647242,-0.2526856880009639,-0.11409561001761237,1.2830146276334986,-2.244737020868716,1.0012061622324544,-0.18889668778447521,1.5484829416873032,0.3920845297008694,0,B
2.409271430375206,-4.052963712619401,-0.197535225696968,-2.5579026399517657,-0.9289285191456367,-0.6178858631888487,0.5842449745816396,0.033458770992302565,-0.8542065012579774,-0.7590404472086483,0,A
-1.0261180904586054,1.4039150951867994,0.10884563020912037,0.05479558222260139,-1.4903657800800094,-1.516224846820535,0.43329833605413903,-0.9941062330421927,3.5572411663032613,-1.1186314281988077,1,B
-4.983569660988433,2.00010809621555,0.49444341408361847,-3.2888458746245752,0.9679450529689524,-4.844563221055879,0.6427514164501676,2.3004100854469702,-1.5281493420055832,0.7236136191777794,0,A
1.3807138522708586,-1.8584578042505198,-0.5652847763990818,-0.7908873849886526,1.3044438828787126,-0.2130834341882914,0.17932215760353487,-0.6627137718629301,-1.781971967026493,-0.4107086591024168,1,A
3.3582031952355202,-3.233492863811396,-2.0296738677395822,-2.7029208818670414,-0.41847560224603986,-1.9525182833945298,0.023391256169383867,1.257059956689093,1.4491579590081756,0.7635911006198558,1,B
0.8899202267539097,-0.297165533871718,-0.7723040253264754,-0.2814818459182785,-1.2993705420881048,1.241892548262123,-0.9447824414634067,-1.913106425179025,0.16795463647206044,-1.4356188282134401,0,A
1.6443619251466441,-3.033272651070276,0.9629655291141299,-1.7184812899162178,-1.3543431419840952,0.3599127476207771,0.293734744202779,-0.4489208276097959,-0.9124803929894014,0.30762075545105183,0,A
-2.0065312754513616,1.5716530237058264,-1.9373623164764597,-1.2926831306086801,2.336033887520447,-3.472136399626048,0.25550755518551205,0.34864434433422065,-0.3641596910100524,-1.253348193121886,0,C
4.175214666457965,-3.131937890048505,-0.5729978049909459,0.41282584782519893,0.10484941958810956,1.0349342256123386,0.34265301470761433,-0.8357621350209089,0.9846831441117754,0.1811165102110608,0,A
-0.3188514976717358,1.3046076341691952,1.5834650253840938,1.1300489413473367,-0.7759780752136708,-0.22990006995453754,0.23482188660679937,1.3140094746438993,2.768637367935508,-0.3067803928713705,1,A
1.2863756747341433,-0.44771422338361017,-0.030938997155624107,1.0706346844267207,-0.7766240956176134,0.43954573595491386,0.4928076184584901,2.060558616616052,2.316191043447091,-1.960158008293832,1,B
-1.6989467574117212,1.558885228715491,-1.830768448394866,-0.011551044907051167,1.9964514865569318,0.1150983588957935,-0.8254161039745641,0.36257081502648514,-3.0760041966768865,0.20065180395568705,1,B
1.7846280896256468,-5.227333142486369,-0.8851634989998477,-2.247459433073784,-0.17585258720094687,-2.307337966593367,2.9769002293676197,-1.5527270678160376,-0.34484327068973375,1.552561815489642,0,B
-2.4829715658374876,3.0154992420939517,-0.5418349876686415,0.02023680829501351,0.8225893308832241,0.1247160686977226,-1.4830705602819902,-0.4495760382252811,-1.6534830059905297,0.6329617515098264,1,A
-0.3468268100725592,-1.84387212866633,0.7458012510604037,-0.3943305337542452,1.3663820140399383,-1.1826600435372283,1.8641775450714806,-0.8537365346849118,-1.6913173273542335,0.5934291731936091,0,B
-0.5201595354842405,-1.2424621783459402,0.827850095962418,-1.277274912616631,1.3011324022400084,-1.7221260503788385,1.0361221786888195,1.312408621742632,-1.6662743859999534,-0.007042798924735517,0,B
-0.012586580428257776,0.14084047891180393,-1.0978623583492235,1.5752838308008297,-1.476916944212868,1.6189072406839258,0.4615707952157825,-0.573437821542238,1.2482787343191095,0.39530946245848375,0,C
-0.3395379735178983,-0.44319217454461474,0.19757892205140784,0.8010159523411607,-1.0028055240875868,0.4920129217213173,1.0441166660024699,-0.3001402843924914,0.7801927467598987,2.4648776358576834,1,B
-0.3031697369275943,-0.39655011449899996,0.5530732764404793,0.4936464488797241,0.7147836018357099,-1.6243649731895755,1.711875191474494,-0.9503481831017349,1.3599145168564237,-0.03368652690871603,0,C
-1.2497990229979445,0.007148916435815856,-0.8136453560596746,-0.5385501475384613,1.3725286869374462,-1.593262991449158,0.8724573721678621,-0.14004285194223806,-1.1213263937570297,1.213731437725842,0,B
1.371434799014363,-0.7669136434308333,0.09004283765328626,-0.5985890614814635,-2.3880730119608833,-0.7287107840731529,0.2235037943905419,-0.4548203158884532,3.814883879628851,0.23696141571204274,1,A
0.20092111233200738,-3.2061675059886006,0.35348290594866677,-2.497081607347008,0.9204812047198453,-2.9150943958740374,2.0488490124934127,-0.9763752712833716,-1.363084427503805,0.12150501140171552,1,C
0.3640128924440764,1.0904270642616614,0.05914212227242244,1.009065927062565,-2.1889724813949627,3.2060826900988766,-1.7837771482242832,-0.4542442751532624,0.2192343136204633,1.1261170260153808,0,A
0.5457720134378978,0.8902192755491404,0.5054240932166992,-1.602851650535463,-0.874521026532123,-0.7933680908656005,-1.7518300518870227,-0.5681423298343345,1.3057095917122359,1.309472896350713,1,A
-0.6125769139841968,2.8615914775709577,0.6024772094394822,-0.8647809323879093,1.2757660076262178,-0.11532609241674995,-2.902069887603126,-0.510436052426967,-1.1965925947781235,-0.7090337116647051,1,A
0.5374442801826873,2.398611136222291,0.31747193473109014,-0.14041440716078057,0.8932822176151083,1.058365403058986,-3.0882061918123713,-0.06104342546999568,-0.7752639968027288,-0.031918494643361994,1,C
0.07438586547695636,-1.4838226211070513,0.302449714360124,0.9302457403814163,-0.984013525452183,-0.0852940993148838,2.144030107457171,0.015686713795602138,1.4603688728923163,-0.6279284867539493,1,B
1.929288945398739,-0.721618770273589,1.397414703060372,-1.2584057973535294,1.5798287721339914,-2.350814201424114,-0.2301973671219204,-0.5789632551941708,1.314759889356497,-0.07514416681001679,0,C
1.651655904133937,1.0492819794833352,0.7653902141704337,-0.6062983331138401,-0.10565275002358487,0.2606422308402078,-2.295075523114666,-1.2191146113192166,1.169687960871895,-0.1918214582066392,1,A
3.161511866302201,-2.697005848185344,0.28329941844015705,0.300825350591434,-1.6949273057502041,1.1436268599849397,0.5522149789688496,0.5401127116831267,2.0792883231361383,-0.7932818938336734,1,C
0.13537633232733293,-1.2210377098073202,1.6309291812629403,-0.4248733982227979,0.9195232774469682,-0.7953205374693376,0.9300652558606759,-0.6247895469340525,-0.9680251767666541,0.9564403483476219,0,A
1.516031978675043,-1.0234276553105666,-0.01993539524581029,0.6836038893730256,-0.5548180340374089,0.48132264054179125,0.4888645878642849,-1.5327958522623455,1.5035372657453285,-1.1567442250519486,0,C
-1.439910342307737,1.0890713559848644,-1.1930599549102363,1.9470363558110408,0.009029535896725838,0.4329935464132594,1.1398022325671562,1.1682177218168646,0.7638251315286945,-0.04008851265655339,1,C
0.9259872741240327,-0.5150408207066044,0.8029016181456861,-1.2228275975529832,1.6209369704908214,-2.9437308386133125,0.43957630856365304,1.8195730466986555,1.303182337469889,-0.5604481514895242,0,A
0.6776198737906445,-1.301526740863213,0.6071311007836184,0.25383857400908183,1.8853887494412924,-1.2114238532629726,1.4052627296664855,-1.2525890123654955,-0.3600712790275705,1.3111588863181052,0,B
3.043059743567566,1.1366774648281197,0.8338073391593647,0.8731724049112348,1.4927692099119532,2.038662291336139,-3.041110966253718,-0.2655468380184237,-0.12607728557741227,-0.427755687046752,1,A
0.9089758029090483,0.8947697794178766,2.222695629135075,-1.1652867112420546,3.7354840279100165,-5.090999669253723,0.2656719678966508,0.5243627472529105,2.541381456573964,-1.237820944087116,0,C
1.6019974700584902,-2.00793929404682,-0.13524289563203143,-1.7458090315543164,2.100697712991577,-1.8635539080395884,0.2455237142240344,-1.3654620221921803,-1.396068897981199,0.4800595800866833,0,A
-2.532434136282773,1.0058703228499604,-1.1213806380747848,-3.662146764464451,-0.5585137174430799,-3.7659353039908376,-0.4211531299587684,0.5242646776431689,0.023907370975019937,-0.4020667445166706,1,A
1.4692884079755941,0.9092424347559478,0.3724346469822128,-0.3732054380103327,1.398750812347227,0.4600188402950631,-2.214460039919808,1.1946741443280215,-0.7730677822998087,-0.7900663251352782,1,C
0.9812735889414226,-2.003037408570207,0.2779830647427085,-1.3494679089338897,1.3993679652805575,-1.6839396840716994,0.8560855707755282,-1.449856565480906,-0.9776413051838085,1.4548106449917426,0,B
0.7523838379507334,-1.1924783655036677,-0.7042877081911889,0.1406840703373189,-1.5548922829957113,-0.36991925889260424,1.1660174539849661,0.08718640420643022,2.4057909129696142,-0.23888074786659733,1,A
0.9722307799378151,-0.7444668450060262,1.631125852281872,-1.276096139658422,2.531469780077596,-4.4803463616093175,1.3186924995649512,0.29662831967617553,2.1561075420743467,-0.7716283224168784,0,C
2.076429082846462,-5.088282989853723,1.9465428375147655,-2.124106234785268,1.140888857594504,-3.867207503500868,3.537056045428138,1.7268338422187606,0.6821352612253105,-0.2604985619387227,0,B
0.4580688679720727,1.8726832614754552,0.09643371879348994,0.49188094544802985,-1.4244932179452199,0.5239968699340704,-1.477463268371451,-0.9906923886377031,2.835172197770504,-0.6808872820390818,1,B
-2.9671356408430687,-0.06207899382223165,-0.5947762545556623,-2.1837913757357725,1.3347393044088898,-3.522609626998587,1.500051680925143,-1.7377297550512922,-1.8316683800169167,-1.2812976734768549,0,B
0.5172773136841856,-1.1145359272719308,0.06749853587500881,-0.5852815627741466,1.2451355503804387,-2.6574376080573496,1.5453129054473949,0.4492284349197451,1.3331689967617961,0.19756599017238197,0,C
2.763122347143342,-2.9985375165347317,-1.100779282836685,-2.850983003085294,3.2288662252595457,-5.34498785653006,1.4373345104300863,-0.5865640795627185,1.2413916187606446,-0.7112986247605377,0,B
0.5122806275118703,-0.061913538542458756,1.1487334829294387,-1.0654527443303783,-0.19937592838177243,-0.3036297643294454,-0.8715972065024129,-1.1890112823800345,-0.07104185403018781,1.4323420312175015,1,B
2.179097674873181,-1.3099972265790465,0.05053581559400609,0.37135703944475995,-1.673068567779778,1.2111031713153972,-0.11384576171880845,-0.22514652735002125,1.9112243973748437,0.17049723504043077,1,C
-0.5815338781879127,-1.1538471549758567,-0.8629053387504985,2.5941510851248815,0.55276497485062,1.8434460305558797,2.249065276458174,-0.4449457601246716,-1.4564663497164236,-2.3026969895447165,1,B
-2.4390536055120005,0.5733242126024933,0.9002286589152358,-2.4159615206622354,2.9350884247091766,-4.5355146414366025,0.8920970318019664,0.4780899966274559,-1.735785583503345,-0.622378194990803,0,A
4.802264433950128,-1.1904316001211792,-0.6040122749251271,-0.9367097167086555,1.0129128866314312,0.616719452314759,-2.564999760560563,-0.9191801387207167,0.6976699056361448,0.8846067898626929,1,B
-1.4745495662921964,-2.0093238051906996,-0.4838111315410965,-1.7061464125875294,1.5790020325922802,-1.9266265521894992,1.8552283031408805,0.21047054153048458,-3.4153038871357997,-0.3314562977246389,0,A
3.8446599710144507,-1.4295283282213653,0.11772121738091015,-1.1918129406964049,1.0064963945429486,-0.19679278186449833,-1.6542255560750458,0.6563608698285485,0.5265299084411788,0.9825734636277772,1,B
-0.66876599811786,-0.7207469537960497,-0.687937387463827,-2.2617089565862374,1.0472752896686897,-2.9346100425115447,0.5878693637963146,1.8866146460894102,-0.6749235606974369,1.8613155972363946,0,C
-0.5241490009033103,1.8648399287922695,1.2061533956705917,-0.16158697492044893,2.9996530204272958,-4.167587654606854,0.5436154323561073,-0.28394181088253484,2.4553679684149268,0.38397155254686227,0,B
0.17511186936559575,-1.6454401317866645,1.1619338134560961,-1.8591739148655235,0.49739188240826726,-1.8057719311686984,0.7143202381134726,-1.4461280325601622,-0.8618970960674761,-0.7683649473140721,1,A
-2.1804723385490345,-0.004843011084449447,0.5779105137915099,-1.679128029639942,1.4291989654362667,-2.5551112939122533,0.928110267060886,-1.4919361464713747,-1.949085899982572,0.030478850265664822,0,B
3.274803897768871,-2.565250186232252,0.6820344500439264,1.464077696677161,1.2756665371333133,1.1641385803190094,0.9382012872039249,0.8009366396294623,0.10488578069317689,-2.7735628629134483,0,A
4.295544818501812,-5.673430200040044,-0.6504130347099937,0.5803369314207361,-1.7172726016547863,3.068712832940139,1.6183785030836995,-2.525718633602488,-0.7119116248995434,0.5296931329054426,1,C
2.8407848315077704,-3.1243061996055186,1.1663027472367895,-0.06357425739433475,-2.1178583747072146,0.8593564280853397,0.9788261314164405,0.5995941132814936,2.032347434294917,0.5684410062561542,1,C
1.1999746677752416,1.5318983884775454,-0.7349104144777995,0.38296560183764017,0.6468303788941187,-0.08800864953567637,-1.5667103022683975,0.45353783374517587,1.6733927365232664,-0.3541076414479869,0,C
-0.3756642317910447,-1.3014278039398013,0.8885988803308748,-0.6572558321762569,1.5671227612806575,-1.361317928040743,1.2856847207288644,-1.038801828002556,-1.6927453116988398,0.7344490334876547,0,A
2.2624895063470936,-2.6490236171003385,-1.172603256861316,-0.5069919084535166,-3.5818493204805995,4.107660162637901,-1.161763485751858,0.6949979007768748,-1.300388413115908,-1.2334681012801056,0,C
-1.458019141575639,-1.703697991201867,0.1898478362124642,0.1930876286208023,1.8219012642855072,-1.143738972690747,2.679681203953887,1.8618057836696316,-2.5499536002585326,0.5767580661930717,0,C
-2.60752652844734,0.11640992093929241,-1.106308181228342,-4.374134274369533,1.7686438165932783,-5.432208155363424,0.40580824775327184,-0.8203438245306957,-1.6927618609312236,-0.4541895583115157,0,B
0.6300032589805117,1.2394197639983215,1.0175012290841814,0.5627684511571196,1.6891752844189911,1.4289355031096784,-1.9077609537441982,-0.2955412401465491,-1.9572408963802133,2.6631823501198237,1,C
-2.419841261981987,0.21635967440639525,0.4017712825585738,-2.7222319067298,0.6680430631992553,-3.414336970633055,0.5909209139563213,1.390499781240747,-1.1535853896018693,-0.19211105272144008,0,A
0.5400344317563867,-0.08590711081099735,0.7024065691510653,-0.49010807713386706,0.49004513249630877,-0.4621876393130569,-0.39257117796103735,-0.10954929146920354,-0.02411150632435466,0.09674989495911643,1,C
0.14316743615157035,-2.2208076488233552,1.4453846895829336,-0.6074344141141623,1.0041897389179943,-3.158657284466523,2.942907598037962,2.328619008421566,1.3130990537928517,-1.8240698738929368,0,B
-2.9886072140640683,-0.8461219436893036,-0.37845405184645964,-2.3199352076926725,1.4788146437792165,-3.4168731005476745,1.9698589108710691,-0.16090490804919289,-2.7127894280874134,-2.8712826629574613,0,A
2.0208989268070807,-1.1590513965701632,-0.6218183005063913,-0.3527535813002842,-1.5062731132994984,1.8914685487572156,-1.1707349593405758,1.0310629139880534,0.016638671068215483,0.7013730648392228,0,C
2.031731048459187,-2.1365921212140133,-0.5071230600565902,0.5134721822585542,-1.565115184135402,0.727038372634245,1.0219869707188087,-1.187912808642065,1.9994960865582054,-0.23635473708899585,1,B
1.5166690458432492,-1.708312527808757,1.227050059970152,0.8064824621498334,-1.1522893705243233,1.6022303977668995,0.599452533057642,0.22534275368906728,0.4686623467464839,-0.7491792406291301,1,C
1.7909674358666532,-1.9980507880791862,-0.9734467413994762,-0.32772420134532965,2.6029171197488488,0.02283374273907335,0.1727050760426625,1.0383887557346116,-2.7752226087783347,-0.005397376361534414,1,C
0.04994110380276673,1.1423717046187205,1.005142573278018,0.7110919676061538,0.2963432406491763,-0.5020848924353951,-0.1401311648978263,0.3406000190998585,1.7237870360926892,-0.2523800434644497,0,C
1.0845365931693658,-0.6284179694544637,-0.08264778503818894,-0.159784831741977,2.6104201113140557,-0.253557612519739,-0.332492513966245,-1.2663405056257042,-2.1395936237477127,-0.8290169196583627,1,A
1.1196458085615812,0.3923513898788222,0.9926885389127922,-0.6280575411270368,1.175380246492102,0.42216978423139756,-1.7765562532650199,-0.8398808965107355,-1.3258144178134055,0.5458171745620152,1,B
-0.027933319490379693,-1.8356970507299502,0.7513759870759458,-0.3089864982719258,1.7817208701388947,-3.8696561923058157,3.252173193067291,-0.7008316788660857,1.7378175163508887,0.7471652242595813,0,A
0.8442297228953494,0.6877673451825043,1.7698624206769662,-2.590734772160574,-0.3459722811414707,-1.0672567291984678,-2.4549191195163886,-0.7107601035491785,0.1949171030789827,-1.034372827923598,1,C
-1.104669326118167,1.447099934976075,-0.8924558393569035,0.11241672437706174,2.58028990782583,0.5228925197207525,-1.2250288928345074,-0.22111309528850173,-3.6686703903069637,0.3550224544215164,1,B
0.3314922826873784,0.8977349618689644,-0.808419824523387,0.08910624220997487,1.451702834030948,-0.05476618946707138,-0.9937088109708251,-0.4267571168823539,-0.6902180330849389,-0.31526484424154627,1,A
-1.127900027761637,-0.21971468191742935,1.4465039359465777,-3.5677743875325176,1.8420544320212766,-4.929633022264517,0.34611324263687737,-1.1102233865095998,-0.45837049012293296,-0.5146415492181471,0,A
1.6913221796355113,-2.2471178957561135,-0.7078526767431834,0.7408867390099958,-1.2291935824576476,0.9639201601100801,1.2838519279710054,0.8795925879863657,1.1888991069782338,-0.7817125206119687,1,C
0.10213275484299689,-1.8021728326703024,1.075433063105038,0.5891289475093642,0.2843272904449967,0.3478876516700923,1.6973873785287923,0.07842939901864268,-1.0328846144400545,-1.8991763879154675,0,C
1.6622374755179945,-2.2035847420194656,-0.5274693236138563,1.2271173132522302,-0.7740927820192391,1.4437697532981046,1.3277625715637054,0.5037360462124257,0.5553576565320103,0.3616765854236551,1,C
1.3741564652520601,4.590815986255088,2.414790998658632,2.413297775318447,2.8783655581794227,4.333339954984904,-5.337827269168596,0.3479061163248855,-2.7081601077648463,0.07999338055914339,1,B
0.483690794490909,1.6963420611740991,0.10854267602843841,0.8906893351519982,0.2780348043707549,0.44052569127031416,-1.194702342026488,2.11785594962589,1.3786707129064806,0.4626263353811024,0,A
-1.085472377927995,2.1914768977443977,-0.6886667549629432,1.0932527281118714,-0.665397697763998,-1.03986957714862,0.2812105430176177,-0.5636490274263425,3.4616388841396515,-0.06265695620244455,1,B
-4.535585595459002,-0.10813322741274749,0.03859194022703303,-2.5884638169985577,-0.5551671504596769,-2.9692588262171884,1.8915306438340984,1.7992715750189994,-2.2734632233057286,1.4556186900811166,0,C
2.826973557225162,-3.0695601023027694,-0.8705726162617562,-2.0604784033640904,0.6562117316805987,-1.979888697843449,0.5423493797555814,0.9709007319343095,0.5668628418173545,-0.9842723752925036,0,A
-0.8982159638611025,0.911717276263839,-0.38484188194712554,2.6079660272685903,0.708352963469046,1.2537445004145251,1.0113536808948038,-0.43858720625729564,-0.019776979879231327,0.46397228292345893,1,C
2.3064800217969075,-3.622193198051318,0.3143834940548472,-2.8411442595288388,1.2337355302792126,-3.361772661318331,1.3176073076328385,0.4145418143797882,0.15513777797493256,-0.002083797420183821,0,A
3.0214597299197985,-2.958249868851995,0.4995269850954084,1.463521864633569,-0.714847091083582,1.979794966064617,1.1863937360573553,-1.0439728399982582,0.8353709285671463,2.288682068797672,1,A
0.38202526466378484,-3.7014515968980892,0.09499375135630458,-2.956216560178823,0.3119010722667175,-3.5004812272200296,2.4106279018865977,0.5114155009299537,-0.49769280251152015,-0.36047340420459595,1,B
2.201360219875445,-1.0326653004647943,-1.026640734735731,0.26187421230240515,0.6155660379052342,0.7766316585921488,-0.5034880266189741,0.08733105791540921,-0.034922491004391154,0.24707737780630315,1,A
0.9513508696107995,-5.019585339729461,0.40119221632689,-2.379325031013579,1.0585334019340287,-4.289180791509668,4.05893284830454,-1.296375919263842,0.09955313962794066,0.49963710112595733,0,B
-0.03465452654174106,-0.3865017781451639,-1.3279180716872732,1.1089351057138201,-0.8158466854071535,0.46512240773143565,1.0954268432830203,1.1578148420240095,1.2280871611835178,0.6802653792954804,1,B
-0.8869017737243267,-0.06669218184208625,-1.947883513321163,-0.5198994416291536,0.18415237388800787,-1.116025112266889,0.6625713425815534,0.1476993252267769,-0.11066629019772245,0.5794425728672615,0,B
0.21362689126188772,2.742986445094086,-0.2552519421022534,0.017187298307120624,1.5990875439669823,1.1302055603196468,-3.2250605753714043,-0.266914712014321,-1.5997013147375996,0.03272449154070758,1,A
1.051754060761316,-0.4359506885578107,0.06368839365161598,-1.4048846772953236,-0.21736902749459097,-0.21342197981226685,-1.1474339990361688,0.1392154086449031,-0.24555002766534262,0.471961333246609,0,A
-3.4390297788954225,-0.20811711315521111,-0.9267131024921815,-2.3032184305935566,1.7402054149990767,-4.070453278526382,2.006629851253259,-0.4228119610855433,-2.1907401769791726,1.2879824738019383,0,C
